win_va,ps_name,src,confidence,tier
0x00402231,get_city_mood,pcsound.c,fuzzy-targeted,3
0x0040266b,get_battle_mood,pcsound.c,compile-exact,1
0x00402888,choose_odd_tune,pcsound.c,compile-exact,1
0x004028cf,sooth_mood,pcsound.c,compile-exact,1
0x00402913,init_ss_entires,pcsound.c,compile-exact,1
0x00402959,get_new_sslot,pcsound.c,ordinal,2
0x00402a06,free_up_sslot,pcsound.c,compile-exact,1
0x00402a41,check_old_sslots,pcsound.c,compile-exact,1
0x00402abd,link_to_smacker,pcsound.c,ordinal,2
0x00402b01,allow_samples,pcsound.c,ordinal,2
0x00402b2a,set_this_ambient,pcsound.c,compile-exact,1
0x00402b4a,set_ambient_minimum,pcsound.c,compile-exact,1
0x00402b8b,set_city_ambient,pcsound.c,ordinal,2
0x00402e37,set_prov_ambient,pcsound.c,ordinal,2
0x00402f45,set_battle_death_fx,pcsound.c,compile-exact,1
0x00402fd9,set_battle_march_fx,pcsound.c,ordinal,2
0x00403094,set_battle_fight_fx,pcsound.c,compile-exact,1
0x004031ac,set_missile_fight_fx,pcsound.c,compile-exact,1
0x0040326c,set_missile_fire_fx,pcsound.c,compile-exact,1
0x0040332c,play_ambient_fx,pcsound.c,ordinal,2
0x004035c9,init_city_ambients,pcsound.c,compile-exact,1
0x00403999,init_prov_ambients,pcsound.c,compile-exact,1
0x00403cab,init_battle_ambients,pcsound.c,compile-exact,1
0x004040b0,citizen_intelligence,int_c2.c,compile-exact,1
0x004041f9,army_intelligence,int_c2.c,compile-exact,1
0x00404338,i00_null,int_c2.c,ordinal,2
0x00404343,i01_tax_man,int_c2.c,compile-exact,1
0x004043d8,i02_market_man,int_c2.c,compile-exact,1
0x0040446d,i03_barbarian_man,int_c2.c,compile-exact,1
0x00404519,i04_centurian_man,int_c2.c,compile-exact,1
0x004045ae,i05_vigile_man,int_c2.c,compile-exact,1
0x00404643,i06_business_man,int_c2.c,compile-exact,1
0x004046d8,i07_rioter_man,int_c2.c,compile-exact,1
0x004047b5,a00_null,int_c2.c,ordinal,2
0x004047c0,a01_cohort,int_c2.c,ordinal,2
0x0040493c,a02_enemy,int_c2.c,ordinal,2
0x004049b0,a04_raider,int_c2.c,win-order,2
0x00404976,a03_horde,int_c2.c,win-order,2
0x004049ea,a05_revolt,int_c2.c,compile-exact,1
0x00404a62,a06_roman_ship,int_c2.c,compile-exact,1
0x00404aac,a08_raider_ship,int_c2.c,win-order,2
0x00404a97,a07_enemy_ship,int_c2.c,win-order,2
0x00404ac1,s00_null,int_c2.c,ordinal,2
0x00404acc,s01_wait,int_c2.c,ordinal,2
0x00404bdc,s02_death,int_c2.c,ordinal,2
0x00404bf7,s03_map_admin,int_c2.c,ordinal,2
0x00404d45,s04_map_markets,int_c2.c,ordinal,2
0x00405005,s05_maraude_to_top_spot,int_c2.c,ordinal,2
0x00405143,s06_quell_trouble,int_c2.c,ordinal,2
0x0040543e,s07_army_patrol,int_c2.c,ordinal,2
0x00405711,s08_vigile_patrol,int_c2.c,ordinal,2
0x00405a0f,s09_fire_fight,int_c2.c,ordinal,2
0x00405c88,s10_get_business,int_c2.c,ordinal,2
0x00405f03,s11_riot,int_c2.c,ordinal,2
0x00406003,s12_goto_riot,int_c2.c,ordinal,2
0x004060cb,sa00_null,int_c2.c,ordinal,2
0x004060d6,sa01_wait,int_c2.c,ordinal,2
0x00406249,sa02_death,int_c2.c,ordinal,2
0x00406264,sa03_army_move,int_c2.c,ordinal,2
0x00406517,new_army_route_point,int_c2.c,ordinal,2
0x0040678c,goto_army_attack,int_c2.c,ordinal,2
0x004068ce,test_for_army_attack,int_c2.c,ordinal,2
0x00406c08,sa04_army_attack,int_c2.c,ordinal,2
0x00406db1,sa05_army_return,int_c2.c,ordinal,2
0x00406e42,sa06_army_land_raid,int_c2.c,ordinal,2
0x00406f66,sa07_army_land_invade,int_c2.c,ordinal,2
0x00406fdb,sa08_army_stuck,int_c2.c,ordinal,2
0x0040735d,sa09_army_siege,int_c2.c,ordinal,2
0x004075e1,sa10_army_demobed,int_c2.c,compile-exact,1
0x004077c2,sa11_army_sail_to_port,int_c2.c,ordinal,2
0x004078e5,sa12_army_sail_home,int_c2.c,compile-exact,1
0x00407c18,sa13_army_sail_round_coast,int_c2.c,ordinal,2
0x00408076,sa14_army_sail_to_shore,int_c2.c,ordinal,2
0x004081dc,sa15_sink,int_c2.c,ordinal,2
0x004083a5,sa16_army_lurk_round_coast,int_c2.c,ordinal,2
0x0040875d,get_movement_image,int_c2.c,compile-exact,1
0x0040889c,get_army_ship_image,int_c2.c,compile-exact,1
0x00408918,get_rioter_image,int_c2.c,compile-exact,1
0x00408aa0,get_barbarian_image,int_c2.c,ordinal,2
0x00408beb,get_enemy_image,int_c2.c,ordinal,2
0x00408d56,get_cohort_image,int_c2.c,ordinal,2
0x00408e82,get_army_walk_dirc,int_c2.c,ordinal,2
0x00408f06,find_enemy,int_c2.c,ordinal,2
0x0040910e,find_invading_army,int_c2.c,ordinal,2
0x00409336,citizen_go_to_target,int_c2.c,ordinal,2
0x00409815,citizen_maraude_to_target,int_c2.c,ordinal,2
0x00409ec7,get_dirc_from_citizen_wf_run,int_c2.c,ordinal,2
0x00409fb6,copy_ferret_run_to_citizen,int_c2.c,ordinal,2
0x0040a0c4,try_a_citymap_square,int_c2.c,ordinal,2
0x0040a4c0,try_this_citymap_square,int_c2.c,ordinal,2
0x0040a702,handle_collision,int_c2.c,ordinal,2
0x0040aa40,fight_centurian,int_c2.c,ordinal,2
0x0040aac6,fight_barbarian,int_c2.c,ordinal,2
0x0040ab44,move_citizen,int_c2.c,ordinal,2
0x0040af92,change_citizen_targs,int_c2.c,ordinal,2
0x0040b422,random_target,int_c2.c,compile-exact,1
0x0040b607,city_test_for_road,int_c2.c,ordinal,2
0x0040b930,target_from_dirc,int_c2.c,compile-exact,1
0x0040bcc6,entering_new_square,int_c2.c,ordinal,2
0x0040bd88,region_go_to_target,int_c2.c,ordinal,2
0x0040c603,sail_to_target,int_c2.c,ordinal,2
0x0040cb2d,get_dirc_from_army_wf_run,int_c2.c,ordinal,2
0x0040cc1f,copy_ferret_run_to_army,int_c2.c,ordinal,2
0x0040cd36,try_a_regionmap_square,int_c2.c,ordinal,2
0x0040d132,try_this_regionmap_square,int_c2.c,ordinal,2
0x0040d869,try_a_seamap_square,int_c2.c,ordinal,2
0x0040dc89,try_this_seamap_square,int_c2.c,ordinal,2
0x0040ddb0,dock_the_ship_in_good_port,int_c2.c,ordinal,2
0x0040e131,move_army,int_c2.c,ordinal,2
0x0040e4f2,target_from_army_dirc,int_c2.c,compile-exact,1
0x0040e888,test_fire_zones,int_c2.c,ordinal,2
0x0040eb06,test_zone_for_closest_fire,int_c2.c,ordinal,2
0x0040ed63,putting_out_fire,int_c2.c,ordinal,2
0x0040ee6f,confirm_fire_target,int_c2.c,ordinal,2
0x0040ef01,is_fire_covered,int_c2.c,compile-exact,1
0x0040efad,get_population_and_industry_count,int_c2.c,ordinal-post,3
0x0040f3c1,get_nearest_reg_building,int_c2.c,ordinal-post,3
0x0040f7f0,gloop_start,gloops.c,compile-exact,1
0x00410ea4,battle_intro_game_loop,gloops.c,compile-exact,1
0x00410eeb,tune_game_loop,gloops.c,ordinal,2
0x00410f45,samples_game_loop,gloops.c,ordinal,2
0x00410f9f,tog_anims_game_loop,gloops.c,ordinal,2
0x00410ff9,tog_yearend_game_loop,gloops.c,ordinal,2
0x00411053,exit_game_loop,gloops.c,compile-exact,1
0x0041108e,skill1_game_loop,gloops.c,compile-exact,1
0x004110c9,skill2_game_loop,gloops.c,ordinal,2
0x0041113a,initreg_game_loop,gloops.c,ordinal,2
0x004112b7,new_name_game_loop,gloops.c,ordinal,2
0x00411428,help_game_loop,gloops.c,compile-exact,1
0x0041146f,queery_game_loop,gloops.c,ordinal,2
0x00411521,promotion_game_loop,gloops.c,compile-exact,1
0x00411562,game_speed,gloops.c,ordinal-post,3
0x00411657,scroll_speed,gloops.c,ordinal-post,3
0x0041dc80,show_battlemap,pm_map3.c,fuzzy-ordinal,2
0x0041dd0b,show_battlemap_base,pm_map3.c,fuzzy-ordinal,2
0x0041e1e0,show_battlemap_top,pm_map3.c,fuzzy-ordinal,2
0x0041e3ca,mid3_line_no_sides_base,pm_map3.c,fuzzy-ordinal,2
0x0041e622,mid3_line_with_sides_base,pm_map3.c,fuzzy-ordinal,2
0x0041ebe0,mid3_line_no_sides_top,pm_map3.c,fuzzy-ordinal,2
0x0041ed78,mid3_line_with_sides_top,pm_map3.c,fuzzy-ordinal,2
0x0041ef08,bottom3_line_with_sides,pm_map3.c,fuzzy-ordinal,2
0x0041f098,bottom3_line_no_sides,pm_map3.c,fuzzy-ordinal,2
0x0041f231,place3_sprite,pm_map3.c,fuzzy-ordinal,2
0x0041fe23,print3_test_info,pm_map3.c,fuzzy-ordinal,2
0x0041ff90,show_menus,controls.c,ordinal-pre,3
0x004201d2,show_menu_items,controls.c,ordinal-pre,3
0x0042036d,show_selection_box,controls.c,compile-exact,1
0x004203b8,get_allowed_selections,controls.c,ordinal,2
0x004205ad,clear_highlight_goods_list,controls.c,compile-exact,1
0x004205e6,get_selection_goods_list,controls.c,ordinal,2
0x0042077b,check_selection_goods_list,controls.c,compile-exact,1
0x004207cf,check_highlight_list,controls.c,ordinal,2
0x004207ff,show_selections,controls.c,ordinal,2
0x00420b2e,show_confirming_panel,controls.c,compile-exact,1
0x00420b99,show_Xconfirming_panel,controls.c,compile-exact,1
0x00420c0f,show_adjusting_panel,controls.c,compile-exact,1
0x00420d5d,show_warning_panel,controls.c,compile-exact,1
0x00420df0,show_icons,controls.c,compile-exact,1
0x00420e66,show_buttons,controls.c,ordinal,2
0x0042102b,show_an_exit_button,controls.c,compile-exact,1
0x0042106d,slider_control,controls.c,ordinal-post,3
0x004211f2,mid_slider_var,controls.c,ordinal-post,3
0x0042131c,down_slider_var,controls.c,ordinal-post,3
0x00421495,up_slider_var,controls.c,ordinal-post,3
0x00421613,control_icons,controls.c,ordinal-post,3
0x004216f6,de_toggle_all_icons,controls.c,ordinal-post,3
0x004217c7,control_buttons,controls.c,ordinal-post,3
0x00421ae2,control_menus,controls.c,ordinal-post,3
0x00421d3c,over_menu,controls.c,ordinal-post,3
0x00421dcb,over_item,controls.c,ordinal-post,3
0x00421e5e,control_selection,controls.c,ordinal-post,3
0x004220d2,over_selection,controls.c,ordinal-post,3
0x0042216b,click_warning,controls.c,ordinal-post,3
0x004221cc,confirm,controls.c,ordinal-post,3
0x0042222f,extended_confirm,controls.c,ordinal-post,3
0x004222ac,adjust,controls.c,ordinal-post,3
0x00422479,exit_screen,controls.c,ordinal-post,3
0x004224d0,exit_screen_at,controls.c,ordinal-post,3
0x00422530,city_map_screen,screens.c,ordinal-pre,3
0x00422610,region_map_screen,screens.c,ordinal-pre,3
0x004226d5,battle_screen,screens.c,ordinal-pre,3
0x004227f5,battle_stats_panel,screens.c,ordinal-pre,3
0x00422e53,battle_totals_panel,screens.c,ordinal-pre,3
0x004231d9,show_battle_setup_box,screens.c,compile-exact,1
0x00423280,show_paused,screens.c,ordinal,2
0x004232df,clip_zoom_level1,screens.c,ordinal,2
0x004232ed,clip_battle_zoom_level2,screens.c,ordinal,2
0x004232fb,clip_map_bottom,screens.c,ordinal,2
0x00423309,redraw_icon_bits,screens.c,ordinal,2
0x00423580,show_cohort_box,screens.c,ordinal,2
0x00423934,show_non_cohort_box,screens.c,ordinal,2
0x00423bef,show_tribunes_report,screens.c,ordinal,2
0x00424275,show_initreg_box,screens.c,ordinal,2
0x004242ef,reshow_initreg_box,screens.c,ordinal,2
0x00424359,show_no_provinces_box,screens.c,ordinal,2
0x00424400,show_first_region_box,screens.c,ordinal,2
0x004244a7,this_region_box,screens.c,ordinal,2
0x00424785,show_skill1_box,screens.c,ordinal,2
0x0042483c,show_skill2_box,screens.c,ordinal,2
0x004248c2,show_fx_box,screens.c,ordinal,2
0x00424d30,show_about_box,screens.c,ordinal,2
0x00424dd3,show_name_choice,screens.c,compile-exact,1
0x00424e2d,show_peace_level,screens.c,ordinal,2
0x00424e8b,show_skill_level,screens.c,ordinal,2
0x00424f21,show_new_name_box,screens.c,ordinal,2
0x00424f8d,show_exit_box,screens.c,ordinal,2
0x00425011,show_loadsave_box,screens.c,ordinal,2
0x004250c4,show_directory,screens.c,ordinal,2
0x00425294,forum_constant_screen,screens.c,compile-exact,1
0x0042533e,background_screen,screens.c,ordinal,2
0x00425395,forum_empty_screen,screens.c,ordinal,2
0x004253ff,forum_city_only_screen,screens.c,ordinal,2
0x004254b0,forum_admin_screen,screens.c,ordinal,2
0x004256cf,show_tax_rates,screens.c,ordinal,2
0x004258b9,show_accounts,screens.c,compile-exact,1
0x00425bae,show_estimate,screens.c,ordinal,2
0x00425ed0,forum_career_screen,screens.c,ordinal,2
0x004260ba,show_personal_cash_stats,screens.c,ordinal,2
0x004261cf,show_donation_box,screens.c,ordinal,2
0x00426260,show_donation_level,screens.c,ordinal,2
0x004262d2,forum_rome_screen,screens.c,ordinal,2
0x00426609,show_final_bribe_box,screens.c,ordinal,2
0x0042677f,show_gift_box,screens.c,ordinal,2
0x00426836,show_gift_amount,screens.c,ordinal,2
0x004268a3,forum_advisor_screen,screens.c,ordinal,2
0x00426901,forum_temple_screen,screens.c,compile-exact,1
0x00426989,basic_temple_screen,screens.c,ordinal,2
0x00427122,show_temple_tip,screens.c,ordinal,2
0x004271af,forum_clerks_screen,screens.c,ordinal,2
0x00427286,history_selection,screens.c,ordinal,2
0x004273b1,history_graphs,screens.c,ordinal,2
0x004275a1,show_history_graph,screens.c,ordinal,2
0x00427ae3,forum_empire_screen,screens.c,compile-exact,1
0x00427b6a,basic_empire_screen,screens.c,ordinal,2
0x00427bdc,show_regions_in_empire,screens.c,compile-exact,1
0x00427c45,show_regions_on_offer,screens.c,compile-exact,1
0x00427d86,show_empire_top_slab,screens.c,compile-exact,1
0x00427dd5,show_empire_bottom_slab,screens.c,compile-exact,1
0x00428be0,forum_industry_screen,screens.c,fuzzy-targeted,3
0x0042a5f3,place_3_legend_blocks,screens.c,compile-exact,1
0x0042a6a1,place_3x_legend_blocks,screens.c,compile-exact,1
0x0042a74f,place_9_legend_blocks,screens.c,compile-exact,1
0x0042a7d8,place_legend_block,screens.c,ordinal,2
0x0042a88d,show_date,screens.c,compile-exact,1
0x0042aa89,show_census_panel,screens.c,ordinal,2
0x0042abb8,show_turbo_panel,screens.c,ordinal,2
0x0042aca8,init_queery_panel,screens.c,compile-exact,1
0x0042acce,show_querymode_panel,screens.c,ordinal-post,3
0x0042ad66,show_query_panel,screens.c,ordinal-post,3
0x0042af17,show_query_panel_heading,screens.c,ordinal-post,3
0x0042b109,show_general_query_panel,screens.c,ordinal-post,3
0x0042b5ad,show_query_house_advice,screens.c,ordinal-post,3
0x0042be42,show_query_business_advice,screens.c,ordinal-post,3
0x0042c280,general_business_cause,screens.c,ordinal-post,3
0x0042c330,show_people_query_panel,screens.c,ordinal-post,3
0x0042cba3,get_queried_person,screens.c,ordinal-post,3
0x0042cc37,show_detailed_query_panel,screens.c,ordinal-post,3
0x0042d278,show_region_query_panel,screens.c,ordinal-post,3
0x0042dabd,reg_industry_quote,screens.c,ordinal-post,3
0x0042db4b,reg_tpost_quote,screens.c,ordinal-post,3
0x0042db85,reg_port_quote,screens.c,ordinal-post,3
0x0042dbbf,get_query_info,screens.c,ordinal-post,3
0x0042e3ed,get_region_query_info,screens.c,ordinal-post,3
0x0042e5dc,not_pertinant_statistic1,screens.c,ordinal-post,3
0x0042e7a9,not_pertinant_statistic2,screens.c,ordinal-post,3
0x0042e817,show_battle_intro_screen,screens.c,ordinal-post,3
0x0042eeac,show_battle_outtro_screen,screens.c,ordinal-post,3
0x004304c0,forum_update_census,census.c,ordinal-pre,3
0x004305eb,init_census,census.c,ordinal-pre,3
0x00430923,get_census,census.c,ordinal-pre,3
0x0043107a,take_census,census.c,ordinal-pre,3
0x00431c26,test_perimeter_for_road_and_forum,census.c,ordinal-pre,3
0x00431e5e,test_for_any_admin,census.c,ordinal-pre,3
0x00431ef8,fire_trouble,census.c,ordinal-pre,3
0x00431f7f,road_trouble,census.c,ordinal-pre,3
0x00432006,water_trouble,census.c,compile-exact,1
0x004321c4,wall_trouble,census.c,ordinal,2
0x0043224b,get_fire_cover,census.c,ordinal,2
0x004322ed,get_road_cover,census.c,ordinal,2
0x0043238f,get_wall_cover,census.c,ordinal,2
0x00432431,get_water_cover,census.c,ordinal,2
0x004324d3,hospital_coverage,census.c,ordinal,2
0x0043253b,library_coverage,census.c,ordinal,2
0x004325a3,employment,census.c,compile-exact,1
0x00432787,running_pop_tax,census.c,ordinal-post,3
0x004327cc,running_ind_tax,census.c,ordinal-post,3
0x00432811,region_census,census.c,ordinal-post,3
0x0043a640,setup_whole_screen_refresh,refresh.c,ordinal-pre,3
0x0043a68c,set_mouse_refresh,refresh.c,ordinal-pre,3
0x0043a7d2,refresh_sprite_square,refresh.c,ordinal-pre,3
0x0043a8ad,refresh_figure_square,refresh.c,ordinal-pre,3
0x0043a9c0,refresh_figure2_square,refresh.c,compile-exact,1
0x0043aa77,refresh_figure3_square,refresh.c,compile-exact,1
0x0043ab3a,refresh_sprite2w_square,refresh.c,ordinal,2
0x0043ac9d,refresh_region_sprite_square,refresh.c,ordinal,2
0x0043add7,refresh_a_square,refresh.c,compile-exact,1
0x0043aed4,refresh_a_bigger_square,refresh.c,ordinal-post,3
0x0043afc4,refresh_big_action_square,refresh.c,ordinal-post,3
0x0043b0aa,setup_map_screen_refresh,refresh.c,ordinal-post,3
0x0043b11f,setup_map_screen_long_refresh,refresh.c,ordinal-post,3
0x0043b183,setup_battle_screen_refresh,refresh.c,ordinal-post,3
0x0043b1e1,setup_refresh_area,refresh.c,ordinal-post,3
0x0043b2c9,setup_svga_refresh_data,refresh.c,ordinal-post,3
0x0043b412,refresh_zoom_mode,refresh.c,ordinal-post,3
0x0043b5b2,refresh_battle_zoom_mode,refresh.c,ordinal-post,3
0x0043b6cd,refresh_svga_screen,refresh.c,ordinal-post,3
0x0043b720,InitTree,pump.c,ordinal-pre,3
0x0043b794,InsertNode,pump.c,compile-exact,1
0x0043bab6,DeleteNode,pump.c,compile-exact,1
0x0043bce1,GetBit,pump.c,ordinal,2
0x0043bd95,GetByte,pump.c,ordinal,2
0x0043be48,Putcode,pump.c,ordinal,2
0x0043bf35,StartHuff,pump.c,compile-exact,1
0x0043c061,reconst,pump.c,compile-exact,1
0x0043c2d1,update,pump.c,compile-exact,1
0x0043c486,EncodeChar,pump.c,ordinal,2
0x0043c51f,EncodePosition,pump.c,ordinal,2
0x0043c57d,EncodeEnd,pump.c,ordinal,2
0x0043c5ba,DecodeChar,pump.c,compile-exact,1
0x0043c643,DecodePosition,pump.c,compile-exact,1
0x0043c6e0,get_pumping_memory,pump.c,compile-exact,1
0x0043c7e8,free_pumping_memory,pump.c,ordinal-post,3
0x0043c8f6,pump,pump.c,ordinal-post,3
0x0043cc5b,evacuate,pump.c,ordinal-post,3
0x00443733,main,c2.c,ordinal-pre,3
0x00443c91,deal_with_battles,c2.c,ordinal-pre,3
0x00443d62,start_a_new_game,c2.c,ordinal-pre,3
0x00443e35,start_a_promotion,c2.c,ordinal-pre,3
0x00443eca,new_province,c2.c,ordinal-pre,3
0x004440a8,setup_game,c2.c,ordinal-pre,3
0x0044421c,load_map_graphics,c2.c,ordinal-pre,3
0x0044474a,swap_circus_gfx,c2.c,ordinal-pre,3
0x004448fb,load_overlay_graphics,c2.c,ordinal-pre,3
0x004449df,load_battle_graphics,c2.c,ordinal-pre,3
0x00444cf6,load_a_battle_gfx_file,c2.c,ordinal-pre,3
0x00444e27,init_map_gfx_buffers,c2.c,ordinal-pre,3
0x00444fd3,clear_map_gfx_buffers,c2.c,ordinal-pre,3
0x004451bf,init_battle_gfx_buffers,c2.c,ordinal-pre,3
0x0044536f,clear_battle_gfx_buffers,c2.c,ordinal-pre,3
0x0044551f,load_start_graphics,c2.c,compile-exact,1
0x0044578b,flush_sb_buffer,c2.c,compile-exact,1
0x004457a4,do_pos,c2.c,ordinal-post,3
0x004457b4,do_neg,c2.c,ordinal-post,3
0x004457c4,test_cd_drive,c2.c,ordinal-post,3
0x00445910,show_regionmap,pm_map2.c,compile-exact,1
0x00445939,show_regionmap_base,pm_map2.c,ordinal-post,3
0x00445cb5,show_regionmap_top,pm_map2.c,ordinal-post,3
0x00445fa4,mid2_line_no_sides_base,pm_map2.c,ordinal-post,3
0x0044611a,mid2_line_with_sides_base,pm_map2.c,ordinal-post,3
0x004464de,mid2_line_no_sides_top,pm_map2.c,ordinal-post,3
0x004466a9,mid2_line_with_sides_top,pm_map2.c,ordinal-post,3
0x004468c6,bottom2_line_with_sides,pm_map2.c,ordinal-post,3
0x00446ae3,bottom2_line_no_sides,pm_map2.c,ordinal-post,3
0x00446caa,place2_a_building_base,pm_map2.c,ordinal-post,3
0x0044707e,place2_a_building_top,pm_map2.c,ordinal-post,3
0x00447bf3,place2_a_building_roof,pm_map2.c,ordinal-post,3
0x004482d9,place2_sprite,pm_map2.c,ordinal-post,3
0x00449419,print2_test_info,pm_map2.c,ordinal-post,3
0x0044b659,pulse_red,lib32.c,compile-exact,1
0x0044b730,swap_background_to_red,lib32.c,ordinal,2
0x0044b77d,swap_background_to,lib32.c,ordinal,2
0x0044b87c,go_64k_palette,lib32.c,ordinal,2
0x0044b8f7,go_16m_palette,lib32.c,ordinal,2
0x0044b94f,load_to_temp_palette,lib32.c,ordinal,2
0x0044b9a7,fade_to_temp_palette,lib32.c,ordinal,2
0x0044bbce,black_out,lib32.c,ordinal,2
0x0044bbfe,set_palette,lib32.c,ordinal,2
0x0044bc2e,fade_to_black_out,lib32.c,ordinal,2
0x0044bc46,fade_to_palette,lib32.c,ordinal,2
0x0044bc5e,wvbl2,lib32.c,ordinal,2
0x0044bc69,swap_screens,lib32.c,ordinal,2
0x0044bc74,convert256x_to_256screen,lib32.c,compile-exact,1
0x0044bcfa,convert256_to_256xscreen,lib32.c,compile-exact,1
0x0044be4a,grey_a_screen,lib32.c,fuzzy-targeted,3
0x0044c5dc,get_mouse_droppings,lib32.c,compile-exact,1
0x0044c68c,cover_mouse_droppings,lib32.c,ordinal,2
0x0044c6d3,mouse_in_area,lib32.c,compile-exact,1
0x0044c8a5,my_strcpy,lib32.c,compile-exact,1
0x0044c8e5,to_upper,lib32.c,ordinal,2
0x0044c91f,string_to_upper,lib32.c,ordinal,2
0x0044c97b,pull_string_left,lib32.c,ordinal,2
0x0044c9ab,push_string_right,lib32.c,compile-exact,1
0x0044c9dc,strip_leading_space,lib32.c,compile-exact,1
0x0044ca32,strip_trailing_space,lib32.c,ordinal,2
0x0044ca89,strip_spaces,lib32.c,ordinal,2
0x0044cb61,get_string_width,lib32.c,ordinal,2
0x0044cc2a,get_letter_width,lib32.c,ordinal,2
0x0044ccd7,get_number_from_text,lib32.c,ordinal,2
0x0044cd64,load_to_text_buffer,lib32.c,ordinal,2
0x0044ce30,load_from_text_buffer,lib32.c,ordinal,2
0x0044cefc,get_buffer_ofset,lib32.c,ordinal,2
0x0044cf59,get_text_pointer,lib32.c,ordinal,2
0x0044cfeb,edit_format_buffer,lib32.c,ordinal,2
0x0044d41a,to_fb,lib32.c,ordinal,2
0x0044d568,del_fb,lib32.c,ordinal,2
0x0044d5a3,copy_fb,lib32.c,compile-exact,1
0x0044d5e4,test_for_delimiter,lib32.c,ordinal,2
0x0044d66b,strip_fb_spaces,lib32.c,ordinal,2
0x0044d6e4,get_fb_length,lib32.c,ordinal,2
0x0044d72a,get_fb_width,lib32.c,ordinal,2
0x0044d782,get_fb_lines,lib32.c,ordinal,2
0x0044d88b,in_format_buffer,lib32.c,ordinal,2
0x0044d91d,out_format_buffer,lib32.c,ordinal,2
0x0044d964,load_format_buffer_from_disk,lib32.c,ordinal,2
0x0044da0c,save_format_buffer_to_disk,lib32.c,ordinal,2
0x0044dabc,put_a_font_string,lib32.c,ordinal,2
0x0044dcb8,one_letter,lib32.c,ordinal,2
0x0044dedb,get_insert_letter,lib32.c,ordinal,2
0x0044df23,font_centre,lib32.c,ordinal,2
0x0044e018,font_list,lib32.c,ordinal,2
0x0044e0d2,font_no,lib32.c,ordinal,2
0x0044e235,font_format_split,lib32.c,ordinal,2
0x0044e448,get_next_word_length,lib32.c,ordinal,2
0x0044e53d,click_on_text,lib32.c,ordinal,2
0x0044e5c2,click_delay,lib32.c,ordinal,2
0x0044e664,clicked_delay,lib32.c,ordinal,2
0x0044e712,do_delay,lib32.c,compile-exact,1
0x0044e926,timer,lib32.c,fuzzy-targeted,3
0x0044ea80,test_beeps,lib32.c,compile-exact,1
0x0044ebff,Bresenham_decision,lib32.c,compile-exact,1
0x0044ec7d,draw_a_point,lib32.c,ordinal,2
0x0044ece2,draw_a_2point,lib32.c,ordinal,2
0x0044ed47,draw_a_line,lib32.c,ordinal,2
0x0044ef01,draw_a_dotted_line,lib32.c,ordinal,2
0x0044efab,draw_a_box,lib32.c,compile-exact,1
0x0044f046,draw_a_dias,lib32.c,compile-exact,1
0x0044f0d9,draw_a_diamond,lib32.c,ordinal,2
0x0044f1d8,xor_a_diamond_top,lib32.c,ordinal,2
0x0044f2a3,xor_a_diamond_lhs_top,lib32.c,ordinal,2
0x0044f315,xor_a_diamond_rhs_top,lib32.c,ordinal,2
0x0044f380,draw_a_rect,lib32.c,ordinal,2
0x0044f3e9,write_image,lib32.c,ordinal,2
0x0044f521,write_clipped_image,lib32.c,ordinal,2
0x0044f659,xclip,lib32.c,ordinal,2
0x0044f7ad,yclip,lib32.c,ordinal,2
0x0044f8e9,do_32_count,lib32.c,compile-exact,1
0x0044f9c5,big_random,lib32.c,compile-exact,1
0x0044fa34,random,lib32.c,compile-exact,1
0x0044fa63,scatter,lib32.c,compile-exact,1
0x0044fad0,get_rand_max,lib32.c,ordinal,2
0x0044fca2,totalXpercent,lib32.c,ordinal,2
0x0044fccd,totalXpercentX100,lib32.c,ordinal,2
0x0044fcf8,valueDIVtotal,lib32.c,compile-exact,1
0x0044fd3a,get_distance,lib32.c,ordinal,2
0x0044fdc9,get_longest_distance,lib32.c,ordinal,2
0x0044fe69,get_shortest_distance,lib32.c,ordinal,2
0x0044ff09,lock_region,lib32.c,ordinal,2
0x0044ff14,start_game,lib32.c,ordinal,2
0x0044ff24,start_system,lib32.c,ordinal,2
0x0044ff39,exit_game,lib32.c,ordinal,2
0x004500c8,get_dos_memory,lib32.c,ordinal,2
0x004500d3,setup_scratch_buffer,lib32.c,compile-exact,1
0x00450206,stop_system,lib32.c,fuzzy-targeted,3
0x00450c50,get_regroad_start_node,web.c,ordinal-pre,3
0x00450d3b,get_regroad_web,web.c,compile-exact,1
0x00450e8c,run_to_new_regroad_node,web.c,ordinal,2
0x004510fc,get_web_regroad_dircs,web.c,ordinal,2
0x004511f2,get_aqua_start_node,web.c,ordinal,2
0x00451323,get_aqua_web,web.c,compile-exact,1
0x0045147a,run_to_new_aqua_node,web.c,ordinal,2
0x004516cb,get_web_aqua_dircs,web.c,ordinal,2
0x004517c1,test_next_to_river,web.c,compile-exact,1
0x00451887,init_web,web.c,compile-exact,1
0x00451938,put_new_node,web.c,ordinal-post,3
0x00451a53,get_incomplete_node,web.c,ordinal-post,3
0x00451bb9,set_first_nodes_values,web.c,ordinal-post,3
0x00451c83,push_nodes_values,web.c,ordinal-post,3
0x00451ebf,push_node_value,web.c,ordinal-post,3
0x004521a0,launch_help,mmedia.c,ordinal-pre,3
0x00452332,load_media_entry,mmedia.c,ordinal-pre,3
0x0045241f,show_help_page,mmedia.c,ordinal-pre,3
0x0045296c,media_text_place,mmedia.c,ordinal-pre,3
0x00452c66,put_a_media_string,mmedia.c,ordinal-pre,3
0x00452f00,get_linked_page,mmedia.c,ordinal-pre,3
0x0045307e,push_forward_help_history,mmedia.c,ordinal-pre,3
0x004530b7,rewind_help_history,mmedia.c,ordinal-pre,3
0x004530ec,init_help_history,mmedia.c,compile-exact,1
0x0045313c,do_tutorial,mmedia.c,ordinal,2
0x004532dc,do_a_tutorial_page,mmedia.c,ordinal,2
0x004537a1,tutorial_test_for_forum_access,mmedia.c,ordinal,2
0x00453897,tutorial_test_for_water_distribution,mmedia.c,ordinal,2
0x00453983,show_please_wait,mmedia.c,ordinal,2
0x00453a1a,show_tutorial_timer,mmedia.c,ordinal,2
0x00453ad1,act_back_tutorial_page,mmedia.c,ordinal,2
0x00453b44,act_middle_tutorial_page,mmedia.c,compile-exact,1
0x00453b68,act_forward_tutorial_page,mmedia.c,ordinal-post,3
0x00453b88,city_icon_allowed,mmedia.c,ordinal-post,3
0x00453bbb,region_icon_allowed,mmedia.c,ordinal-post,3
0x00453bee,grey_city_map_parts,mmedia.c,ordinal-post,3
0x00453c56,grey_region_map_parts,mmedia.c,ordinal-post,3
0x00454cb0,check_game_over,formulae.c,compile-exact,1
0x00454d39,check_for_promotion,formulae.c,ordinal,2
0x00454f27,adjust_peace_criteria,formulae.c,ordinal,2
0x00454fdb,adjust_culture_criteria,formulae.c,ordinal,2
0x00455201,adjust_proserity_criteria,formulae.c,ordinal,2
0x00455342,adjust_empire_criteria,formulae.c,ordinal,2
0x00455432,city_pop_limit_10_to_1,formulae.c,ordinal,2
0x004554ba,want_promotion,formulae.c,ordinal,2
0x004556eb,act_take_promotion,formulae.c,ordinal,2
0x00455707,act_review_in_10,formulae.c,compile-exact,1
0x0045572d,act_review_in_25,formulae.c,compile-exact,1
0x00455753,assign_to_new_province,formulae.c,compile-exact,1
0x00455768,do_promotion,formulae.c,ordinal,2
0x004557af,make_emperor,formulae.c,compile-exact,1
0x004557c9,init_legion,formulae.c,ordinal,2
0x004558f1,train_soldiers,formulae.c,ordinal,2
0x00455983,get_morale_and_readiness,formulae.c,ordinal,2
0x00455b9a,get_current_cohort_totals,formulae.c,ordinal,2
0x00455cce,set_current_cohort_totals,formulae.c,ordinal,2
0x00456551,fill_cohort_centuries,formulae.c,ordinal,2
0x00456d85,get_army_totals,formulae.c,ordinal,2
0x00457094,predict_army_totals,formulae.c,compile-exact,1
0x004571e5,init_slaves,formulae.c,compile-exact,1
0x00457258,slave_welfare,formulae.c,ordinal,2
0x004574e1,slave_costs,formulae.c,ordinal,2
0x00457507,slave_estimate,formulae.c,ordinal,2
0x00457571,adjust_slave_usage,formulae.c,compile-exact,1
0x004575f9,random_event,formulae.c,ordinal,2
0x00457984,pay_salary,formulae.c,ordinal,2
0x004579b5,get_population_growth_factor,formulae.c,compile-exact,1
0x00457a5d,get_industry_growth_factor,formulae.c,ordinal,2
0x00457ad2,get_insurrection_factor,formulae.c,compile-exact,1
0x00457cad,year_end_accounts,formulae.c,compile-exact,1
0x00457d4d,collect_pop_tax,formulae.c,ordinal-post,3
0x00457dac,collect_ind_tax,formulae.c,ordinal-post,3
0x00457e0b,get_estimates,formulae.c,ordinal-post,3
0x00457ec2,get_pop_tax_estimate,formulae.c,ordinal-post,3
0x00457f44,get_ind_tax_estimate,formulae.c,ordinal-post,3
0x00457fc6,get_average_pop_tax,formulae.c,ordinal-post,3
0x00458046,get_average_ind_tax,formulae.c,ordinal-post,3
0x004580c6,get_new_tribute,formulae.c,ordinal-post,3
0x004586ae,init_tribute,formulae.c,ordinal-post,3
0x0045873d,get_temple_tip,formulae.c,ordinal-post,3
0x00459540,clear_empire,empire.c,compile-exact,1
0x004595b3,get_new_province_options,empire.c,ordinal-post,3
0x004596d5,known_world,empire.c,ordinal-post,3
0x00459760,auto_conquer,empire.c,ordinal-post,3
0x0045989f,set_new_province,empire.c,ordinal-post,3
0x00459c40,init_messages,message.c,ordinal-pre,3
0x00459ce9,clear_messages,message.c,ordinal-pre,3
0x00459d67,put_message,message.c,compile-exact,1
0x00459dc8,show_messages,message.c,ordinal-post,3
0x00459e8d,message,message.c,ordinal-post,3
0x0045a701,show_basic_message,message.c,ordinal-post,3
0x0045a935,show_emperor_message,message.c,ordinal-post,3
0x0045adce,show_request_amount,message.c,ordinal-post,3
0x0045ae33,request_outcome,message.c,ordinal-post,3
0x0045afba,bribe_emperor,message.c,ordinal-post,3
0x0045b1e0,show_citymap,pm_map1.c,fuzzy-ordinal,2
0x0045b314,show_citymap_base,pm_map1.c,fuzzy-ordinal,2
0x0045b6bc,show_citymap_sprites,pm_map1.c,fuzzy-ordinal,2
0x0045b874,show_citymap_top,pm_map1.c,fuzzy-ordinal,2
0x0045bb2b,sprites_no_sides,pm_map1.c,fuzzy-ordinal,2
0x0045bcb4,sprites_with_sides,pm_map1.c,fuzzy-ordinal,2
0x0045be2a,mid_line_no_sides_base,pm_map1.c,fuzzy-ordinal,2
0x0045bfd3,mid_line_with_sides_base,pm_map1.c,fuzzy-ordinal,2
0x0045c430,mid_line_no_sides_top,pm_map1.c,fuzzy-ordinal,2
0x0045c558,mid_line_with_sides_top,pm_map1.c,fuzzy-ordinal,2
0x0045c7bc,bottom_line_with_sides,pm_map1.c,fuzzy-ordinal,2
0x0045c9c9,bottom_line_no_sides,pm_map1.c,fuzzy-ordinal,2
0x0045cac7,place_a_building_base,pm_map1.c,fuzzy-ordinal,2
0x0045cec9,place_a_building_top,pm_map1.c,fuzzy-ordinal,2
0x0045d530,place_a_building_roof,pm_map1.c,fuzzy-ordinal,2
0x0045dc3f,top_it,pm_map1.c,fuzzy-ordinal,2
0x0045e38c,place_sprite,pm_map1.c,fuzzy-ordinal,2
0x0045ef7d,print_test_info,pm_map1.c,fuzzy-ordinal,2
0x0045f0f8,show_overlay,pm_map1.c,fuzzy-ordinal,2
0x0045f34e,show_left_overlay,pm_map1.c,fuzzy-ordinal,2
0x0045f599,show_right_overlay,pm_map1.c,fuzzy-ordinal,2
0x0045f7e4,are_overlays_on,pm_map1.c,fuzzy-ordinal,2
0x0045f920,show_pl8file,display.c,ordinal-pre,3
0x0045f960,display_pl8file,display.c,ordinal-pre,3
0x0045f9d6,show_lbm,display.c,ordinal-pre,3
0x0045fa67,show_picfile,display.c,compile-exact,1
0x0045fb16,display_picfile,display.c,compile-exact,1
0x0045fbd3,show_a_system_window,display.c,ordinal,2
0x0045fcb7,show_a_system_blank,display.c,compile-exact,1
0x0045fd38,show_a_mosaic_window,display.c,compile-exact,1
0x0045fd86,show_a_mosaic_frame,display.c,compile-exact,1
0x0045ff6a,mosaic_frame_divider,display.c,ordinal,2
0x0046002d,show_a_mosaic_blank,display.c,ordinal,2
0x004600de,show_a_32_block,display.c,compile-exact,1
0x0046010e,get_general_sprite_sizes,display.c,ordinal-post,3
0x00460180,general_sprite,display.c,ordinal-post,3
0x004602ce,write_general_sprite,display.c,ordinal-post,3
0x0046049b,write_general_sprite_with_front_ofset,display.c,ordinal-post,3
0x0046068e,restore_picture_part,display.c,ordinal-post,3
0x004607fb,draw_city_map_part,display.c,ordinal-post,3
0x004608f1,draw_region_map_part,display.c,ordinal-post,3
0x004609e7,draw_battle_part,display.c,ordinal-post,3
0x00460add,show_cursor,display.c,ordinal-post,3
0x00460c28,do_vga_smacked_anim,display.c,ordinal-post,3
0x00460db5,do_svga_smacked_anim,display.c,ordinal-post,3
0x00461b10,initiate_evolution,evolver.c,compile-exact,1
0x00461b52,citymap_evolution,evolver.c,ordinal,2
0x00462296,evolve_to_current_fabric,evolver.c,compile-exact,1
0x00462355,update_time,evolver.c,compile-exact,1
0x00462456,monthly_update,evolver.c,ordinal,2
0x0046250c,yearly_update,evolver.c,compile-exact,1
0x004625a8,evolve_water_supply_baths_industry,evolver.c,ordinal,2
0x0046277b,evolve_water_table,evolver.c,ordinal,2
0x00462bda,evolve_security_cover,evolver.c,ordinal,2
0x00462e70,evolve_amenity_cover,evolver.c,ordinal,2
0x004632ce,evolve_land_value,evolver.c,ordinal,2
0x00463f66,cap_land_value,evolver.c,ordinal,2
0x004647a0,evolve_forum_activity,evolver.c,ordinal,2
0x00464a1f,evolve_fort_activity,evolver.c,ordinal,2
0x00464c75,evolve_security_activity,evolver.c,ordinal,2
0x0046503e,evolve_industrial_activity,evolver.c,ordinal,2
0x004654b5,remove_envoy,evolver.c,ordinal,2
0x0046553b,market_image,evolver.c,ordinal,2
0x004656e6,business_output,evolver.c,ordinal,2
0x00465bbb,spread_fire_and_plague_and_unrest,evolver.c,ordinal,2
0x00466232,put_out_a,evolver.c,ordinal,2
0x0046640d,evolve_a_cm_row,evolver.c,ordinal,2
0x0046707d,devolve_a_building,evolver.c,ordinal,2
0x0046716d,evolve_a_building,evolver.c,ordinal,2
0x0046725d,devolve_a_house,evolver.c,ordinal,2
0x004672d2,evolve_a_house,evolver.c,ordinal,2
0x0046736a,stretch_house,evolver.c,ordinal,2
0x004674b5,stretch_to_2x2_house,evolver.c,ordinal,2
0x004675ef,stretch_to_3x3_house,evolver.c,ordinal,2
0x00467804,change_house,evolver.c,ordinal,2
0x004679ae,pad_house_with_domus,evolver.c,ordinal,2
0x00467a9b,reduce_villa_to_domus,evolver.c,ordinal,2
0x00467b19,remove_house,evolver.c,compile-exact,1
0x00467be6,evolve_a_plaza,evolver.c,compile-exact,1
0x00467cc7,clear_fire_zones,evolver.c,ordinal-post,3
0x00467d9c,push_shell,evolver.c,ordinal-post,3
0x00468079,evolve_region,evolver.c,ordinal-post,3
0x00468d77,get_pop_level,evolver.c,ordinal-post,3
0x00468e5d,check_goods_in_region_warehouses,evolver.c,ordinal-post,3
0x004695b9,create_citizen,common.c,ordinal-pre,3
0x0046993d,create_army,common.c,ordinal-pre,3
0x00469aa3,create_unit,common.c,ordinal-pre,3
0x00469d49,create_figure,common.c,ordinal-pre,3
0x00469f63,create_arrow,common.c,ordinal-pre,3
0x00469f7e,clear_citizen,common.c,ordinal-pre,3
0x00469f9c,clear_army,common.c,ordinal-pre,3
0x00469fb7,clear_figure,common.c,ordinal-pre,3
0x00469fd2,clear_arrow,common.c,ordinal-pre,3
0x00469fed,remove_unit,common.c,compile-exact,1
0x0046a146,clear_unit_list,common.c,compile-exact,1
0x0046a19d,clear_figure_list,common.c,compile-exact,1
0x0046a1f3,clear_arrow_list,common.c,compile-exact,1
0x0046a245,check_citizen_list,common.c,ordinal,2
0x0046a3ed,check_army_list,common.c,ordinal,2
0x0046a551,clear_citizen_list,common.c,ordinal,2
0x0046a59b,clear_army_list,common.c,ordinal,2
0x0046a5e3,army_restoring_adjusts,common.c,compile-exact,1
0x0046a6b4,any_army_building_adjusts,common.c,compile-exact,1
0x0046a75f,army_building_adjusts,common.c,compile-exact,1
0x0046a7c6,clear_army_from_fort_ref,common.c,compile-exact,1
0x0046ac54,get_a_shootable_unit,common.c,compile-exact,1
0x0046c335,check_clock_ferret_move,common.c,compile-exact,1
0x0046c965,move_clock_ferret,common.c,ordinal,2
0x0046cb49,check_anti_ferret_move,common.c,compile-exact,1
0x0046d179,move_anti_ferret,common.c,ordinal,2
0x0046d35d,ferret_heading,common.c,ordinal,2
0x0046d47e,get_tb_value,common.c,compile-exact,1
0x0046d7dd,get_ferret2,common.c,compile-exact,1
0x0046db8c,move_to_tb_value,common.c,compile-exact,1
0x0046dd00,get_over_coords,common.c,compile-exact,1
0x0046dd3f,at_edge_of_map,common.c,compile-exact,1
0x0046ddab,get_over_army,common.c,ordinal-post,3
0x0046e66e,city_trouble,bbarian.c,ordinal-pre,3
0x0046e6c0,region_trouble,bbarian.c,ordinal-pre,3
0x0046e7c3,war_trouble,bbarian.c,ordinal-pre,3
0x0046e82a,init_region_trouble,bbarian.c,compile-exact,1
0x0046fb9f,revolt_in_region,bbarian.c,compile-exact,1
0x0046fc82,get_region_invasion_points,bbarian.c,ordinal,2
0x0046fd4f,get_region_revolt_points,bbarian.c,ordinal,2
0x0046ff71,barbarian_invades_city,bbarian.c,ordinal,2
0x00470206,barbarians_drop_by_city,bbarian.c,ordinal,2
0x004703be,get_random_start_points_from_dirc,bbarian.c,ordinal,2
0x00470607,get_next_temp_cohort,bbarian.c,ordinal,2
0x004706fe,get_cohorts_in_action,bbarian.c,ordinal,2
0x00470843,get_next_viewed_cohort,bbarian.c,ordinal,2
0x004708f4,check_viewed_cohort,bbarian.c,ordinal,2
0x00470969,get_actual_viewed_army,bbarian.c,ordinal,2
0x00470a6a,init_traders,bbarian.c,ordinal,2
0x00470b60,launch_traders,bbarian.c,ordinal,2
0x00470f23,do_land_trade,bbarian.c,ordinal,2
0x0047110f,do_sea_trade,bbarian.c,ordinal,2
0x004712b4,continue_battle,bbarian.c,ordinal,2
0x004716c9,battle_intro,bbarian.c,ordinal,2
0x00471794,battle_outtro,bbarian.c,ordinal,2
0x004717e6,we_surrender,bbarian.c,compile-exact,1
0x0047187d,we_retreat,bbarian.c,compile-exact,1
0x00471967,battle_auto_resolve,bbarian.c,ordinal,2
0x004724e7,get_contenders,bbarian.c,compile-exact,1
0x0047255b,get_villagers,bbarian.c,ordinal-post,3
0x0047274e,do_battle_victory,bbarian.c,ordinal-post,3
0x00472bc0,do_fight_battle,battle.c,ordinal-pre,3
0x00472f8c,select_a_unit,battle.c,ordinal-pre,3
0x004730ae,deselect_all_figures,battle.c,compile-exact,1
0x004730fc,deselect_enemy_figures,battle.c,compile-exact,1
0x00473169,select_all_figures,battle.c,compile-exact,1
0x004731f5,select_drag_figures,battle.c,ordinal,2
0x00473345,show_move_highlight,battle.c,ordinal,2
0x0047388d,show_aim_highlight,battle.c,ordinal,2
0x00473acd,start_move,battle.c,ordinal,2
0x0047410c,start_aim,battle.c,ordinal,2
0x00474311,get_highlight_position,battle.c,ordinal,2
0x00474593,clear_all_highlights_from_battlemap,battle.c,ordinal,2
0x00474618,generate_battle_map,battle.c,ordinal,2
0x00474716,setup_battle,battle.c,ordinal,2
0x0047491f,get_battle_men,battle.c,compile-exact,1
0x00474a86,setup_roman_units,battle.c,ordinal,2
0x00474f9f,setup_enemy_units,battle.c,ordinal,2
0x00475835,get_battle_centuries_left,battle.c,ordinal,2
0x00475e2d,get_battle_odds,battle.c,compile-exact,1
0x0047605c,build_units_figures,battle.c,ordinal,2
0x004769af,rebuild_figures_image_data,battle.c,ordinal,2
0x00476d34,find_attack_spot,battle.c,ordinal,2
0x00476de7,find_defensive_spot,battle.c,ordinal,2
0x00476e9a,get_start_points,battle.c,compile-exact,1
0x004771f6,get_x_spacing,battle.c,ordinal,2
0x0047726b,get_y_spacing,battle.c,ordinal,2
0x004772f2,figure_update,battle.c,ordinal,2
0x0047763d,arrow_update,battle.c,ordinal,2
0x004777c2,figure_intelligence,battle.c,compile-exact,1
0x004778bf,figure_images,battle.c,compile-exact,1
0x0047791a,f00_null,battle.c,ordinal,2
0x00477925,f01_regular,battle.c,compile-exact,1
0x0047797c,f02_irregular,battle.c,compile-exact,1
0x00477a2a,f05_barb_sword,battle.c,compile-exact,1
0x00477a81,f06_barb_spear,battle.c,compile-exact,1
0x00477ad8,f07_barb_axe,battle.c,compile-exact,1
0x00477b2f,f08_barb_pike,battle.c,compile-exact,1
0x00477c34,f11_barb_horse_heavy,battle.c,compile-exact,1
0x00477d39,f14_barb_camel,battle.c,win-order,2
0x00477ce2,f13_barb_horse_archer,battle.c,win-order,2
0x00477c8b,f12_barb_horse_light,battle.c,win-order,2
0x00477d90,f15_barb_elephant,battle.c,compile-exact,1
0x00477dec,f16_barb_bow,battle.c,compile-exact,1
0x00479337,sf11_fire_missile,battle.c,fuzzy-targeted,3
0x0047ab55,instant_reform,battle.c,fuzzy-targeted,3
0x0047aeb4,test_reform_pattern,battle.c,fuzzy-targeted,3
0x0047b16d,get_fig_fight_image,battle.c,ordinal-bracket,2
0x0047b600,get_fig_walk_image,battle.c,fuzzy-targeted,3
0x0047bac7,get_fig_tortoise_image,battle.c,compile-exact,1
0x0047bcbd,test_for_same_fig_to,battle.c,ordinal,2
0x0047be76,get_fig_death_image,battle.c,ordinal,2
0x0047bf53,get_fig_missile_image,battle.c,ordinal,2
0x0047c1a2,set_figure_map_refresh,battle.c,ordinal,2
0x0047c2b4,set_missile_fire_range,battle.c,compile-exact,1
0x0047c3b9,update_units_ai,battle.c,ordinal,2
0x0047c4cb,elephant_ai,battle.c,ordinal,2
0x0047c57e,do_light_ai,battle.c,ordinal,2
0x0047c653,do_heavy_ai,battle.c,ordinal,2
0x0047ca6a,set_ai_flank_move,battle.c,ordinal,2
0x0047ce22,set_ai_unit_move,battle.c,ordinal,2
0x0047d04d,set_ai_unit_withdraw,battle.c,ordinal,2
0x0047d1b6,set_ai_unit_beserk,battle.c,ordinal,2
0x0047d2f0,set_ai_unit_delayed_beserk,battle.c,ordinal,2
0x0047d464,set_ai_unit_auto_fire,battle.c,ordinal,2
0x0047d64e,update_units_morale,battle.c,ordinal,2
0x0047da3d,drop_all_units_morale,battle.c,ordinal,2
0x0047dbad,raise_all_units_morale,battle.c,ordinal,2
0x0047dcd4,set_unit_to_rout,battle.c,ordinal,2
0x0047de58,get_units_status,battle.c,ordinal,2
0x0047e676,battle_tune_mood_from_type,battle.c,ordinal,2
0x0047e8ea,set_unit_to_fight,battle.c,ordinal,2
0x0047eb78,figure_go_to_target,battle.c,ordinal,2
0x0047f57d,swap_2_figures,battle.c,ordinal,2
0x0047f786,try_a_battlemap_square,battle.c,ordinal,2
0x0047fb65,try_this_battlemap_square,battle.c,ordinal,2
0x0047fccd,move_figure,battle.c,ordinal,2
0x0047ffbe,backtrack_figure,battle.c,ordinal,2
0x00480277,target_from_figure_dirc,battle.c,compile-exact,1
0x004805cd,get_wf_dirc,battle.c,ordinal,2
0x004809d7,fly_to_target,battle.c,ordinal,2
0x00480f19,bd,battle.c,compile-exact,1
0x00481041,init_bd,battle.c,ordinal,2
0x004813d6,arrow_off_map,battle.c,compile-exact,1
0x0048147a,move_arrow_vert,battle.c,compile-exact,1
0x00481506,move_arrow_horiz,battle.c,compile-exact,1
0x00481592,loose_arrow_move,battle.c,ordinal,2
0x0048185b,do_the_fight,battle.c,ordinal,2
0x00481b69,set_attack_count,battle.c,ordinal,2
0x00481d29,set_defense_shield,battle.c,ordinal,2
0x00481dea,nearest_formation_enemy,battle.c,compile-exact,1
0x00482390,find_nearest_enemy,battle.c,ordinal-post,3
0x00482654,find_nearest_target,battle.c,ordinal-post,3
0x00482837,get_fire_target,battle.c,ordinal-post,3
0x00482a90,play_speech,speech.c,compile-exact,1
0x00482ac0,load_a_game,loadsave.c,ordinal-pre,3
0x00482c33,save_a_game,loadsave.c,ordinal-pre,3
0x00482d77,select_filename,loadsave.c,ordinal-pre,3
0x0048302f,act_down_directory,loadsave.c,compile-exact,1
0x00483054,act_up_directory,loadsave.c,compile-exact,1
0x00483072,act_do_file_op,loadsave.c,ordinal,2
0x00483087,act_cancel_file_op,loadsave.c,ordinal,2
0x0048309c,savegame,loadsave.c,ordinal,2
0x004832e3,loadgame,loadsave.c,ordinal,2
0x00483554,save_inf,loadsave.c,ordinal,2
0x004835b1,load_inf,loadsave.c,ordinal,2
0x004836fb,set_language,loadsave.c,ordinal,2
0x0048372e,test_inf_settings,loadsave.c,compile-exact,1
0x0048375f,basic_inf_settings,loadsave.c,ordinal,2
0x00483834,loadmodel,loadsave.c,ordinal,2
0x004838d3,fix_plyr_name,loadsave.c,ordinal,2
0x0048393f,load_region_map,loadsave.c,ordinal,2
0x00483e56,clear_huts,loadsave.c,compile-exact,1
0x00483ea3,put_a_hut,loadsave.c,ordinal,2
0x00483f0f,get_border_position,loadsave.c,compile-exact,1
0x0048423b,allowed_keys,loadsave.c,win-stub-class,3
0x004841eb,mouse_recorder,loadsave.c,win-stub-class,3
0x00484213,out_of_sync,loadsave.c,win-stub-class,3
0x004841d9,is_demo,loadsave.c,win-stub-class,3
0x00483fd3,setup_history_data,loadsave.c,win-decompile,1
0x00484094,save_history,loadsave.c,win-decompile,1
0x0048414d,get_history_in_buffer,loadsave.c,win-decompile,1
0x004841a0,get_history_from_buffer,loadsave.c,win-decompile,1
0x00484230,stop_mouse_recorder,loadsave.c,win-stub-class,3
0x00484225,start_mouse_recorder,loadsave.c,win-stub-class,3
0x004841fd,go_demo_play_mode,loadsave.c,win-stub-class,3
0x004841ce,go_demo_build_mode,loadsave.c,win-stub-class,3
0x00484208,start_demo,loadsave.c,win-stub-class,3
0x00484250,get_pm_from_actual,pm_map0.c,ordinal-pre,3
0x0048430f,get_pseudo_map,pm_map0.c,ordinal-pre,3
0x00484805,pm_limits,pm_map0.c,ordinal-pre,3
0x0048488c,get_pm_over_diamond,pm_map0.c,ordinal-pre,3
0x00484cb9,rotate_pm_clockwise,pm_map0.c,ordinal-pre,3
0x00484e82,rotate_pm_anticlockwise,pm_map0.c,ordinal-pre,3
0x0048504c,show_diamond_ptr,pm_map0.c,ordinal-pre,3
0x00485206,three_by_three,pm_map0.c,compile-exact,1
0x004852e5,four_by_four,pm_map0.c,compile-exact,1
0x0048545c,show_one_ptr,pm_map0.c,ordinal-post,3
0x004857da,place_diamond,pm_map0.c,ordinal-post,3
0x0048592d,place_lefthalf_diamond,pm_map0.c,ordinal-post,3
0x00485a5e,place_righthalf_diamond,pm_map0.c,ordinal-post,3
0x00485b8f,place_overlay,pm_map0.c,ordinal-post,3
0x00485cc6,place_lefthalf_overlay,pm_map0.c,ordinal-post,3
0x00485df7,place_righthalf_overlay,pm_map0.c,ordinal-post,3
0x0049d310,clear_landfill,landfill.c,ordinal-pre,3
0x0049d385,get_landfill,landfill.c,ordinal-pre,3
0x0049d430,get_no_ov_image,landfill.c,compile-exact,1
0x0049d447,get_landval_ov_image,landfill.c,ordinal,2
0x0049d4c5,get_water_ov_image,landfill.c,ordinal,2
0x0049d5d3,get_admin_ov_image,landfill.c,ordinal,2
0x0049d6a9,get_security_ov_image,landfill.c,ordinal,2
0x0049d833,get_health_ov_image,landfill.c,compile-exact,1
0x0049d8bc,get_education_ov_image,landfill.c,win-mapping,2
0x0049d9ac,get_entertainment_ov_image,landfill.c,fuzzy-targeted,3
0x0049da87,get_industry_ov_image,landfill.c,win-mapping,2
0x0049db80,get_unrest_ov_image,landfill.c,win-mapping,2
0x0049dc0e,get_reg_geog_ov_image,landfill.c,win-mapping,2
0x0049e068,show_city_landfill,landfill.c,win-mapping,2
0x0049e741,get_circus_bodge,landfill.c,compile-exact,1
0x0049e844,show_region_landfill,landfill.c,ordinal-post,3
0x0049ef17,show_battle_landfill,landfill.c,win-mapping,2
0x0049f217,update_battle_landfill,landfill.c,win-mapping,2
0x0049f284,show_cohort_landfill,landfill.c,win-mapping,2
0x0049f830,generate_city_map_geography,map.c,ordinal-pre,3
0x0049f923,generate_cm_river,map.c,ordinal-pre,3
0x0049fc8b,generate_cm_scrub,map.c,ordinal-pre,3
0x0049fd08,flesh_river_atoms,map.c,ordinal-pre,3
0x0049febf,test_elastic_range,map.c,ordinal-pre,3
0x004a03c4,get_best_elastic_value,map.c,ordinal-pre,3
0x004a0576,test_rm_elastic_range,map.c,ordinal-pre,3
0x004a0a83,get_best_rm_elastic_value,map.c,ordinal-pre,3
0x004a0c35,get_road_elastic,map.c,compile-exact,1
0x004a0c9f,transform_road_elastic,map.c,ordinal,2
0x004a0f4e,build_road_from_elastic,map.c,ordinal,2
0x004a1612,road_ramifications,map.c,ordinal,2
0x004a1998,get_wall_elastic,map.c,ordinal,2
0x004a1a34,transform_wall_elastic,map.c,ordinal,2
0x004a1ee0,build_wall_from_elastic,map.c,ordinal,2
0x004a2251,wall_ramifications,map.c,ordinal,2
0x004a2362,one_wall_ramification,map.c,ordinal,2
0x004a2894,get_aquaduct_elastic,map.c,compile-exact,1
0x004a292d,transform_aquaduct_elastic,map.c,ordinal,2
0x004a2d9f,build_aquaduct_from_elastic,map.c,ordinal,2
0x004a30d6,aquaduct_ramifications,map.c,ordinal,2
0x004a31e8,one_aquaduct_ramification,map.c,ordinal,2
0x004a36d5,get_reg_road_elastic,map.c,ordinal,2
0x004a3744,transform_reg_road_elastic,map.c,ordinal,2
0x004a39b8,build_reg_road_from_elastic,map.c,ordinal,2
0x004a3eb6,reg_road_ramifications,map.c,ordinal,2
0x004a40d4,get_reg_wall_elastic,map.c,ordinal,2
0x004a4172,transform_reg_wall_elastic,map.c,ordinal,2
0x004a450a,build_reg_wall_from_elastic,map.c,ordinal,2
0x004a4841,reg_wall_ramifications,map.c,ordinal,2
0x004a4953,one_reg_wall_ramification,map.c,ordinal,2
0x004a4bca,garden_an_area,map.c,ordinal,2
0x004a4dd7,plaza_an_area,map.c,ordinal,2
0x004a4fa8,clear_an_area,map.c,ordinal,2
0x004a536b,clear_a_reg_area,map.c,ordinal,2
0x004a564b,destroy_reg_atom,map.c,ordinal,2
0x004a57bd,destroy_an_atom,map.c,ordinal,2
0x004a590a,spread_fire_atom,map.c,ordinal,2
0x004a5a2b,spread_plague_atom,map.c,ordinal,2
0x004a5b27,plague_an_atom,map.c,ordinal,2
0x004a5bc7,plague_sized,map.c,ordinal,2
0x004a5c9a,clear_sized_to_rubble,map.c,ordinal,2
0x004a602f,clear_to_rubble,map.c,ordinal,2
0x004a6183,clear_to_empty,map.c,compile-exact,1
0x004a6203,clear_basic,map.c,ordinal,2
0x004a633c,clear_sized_to_reg_basic,map.c,ordinal,2
0x004a6430,clear_reg_basic,map.c,ordinal,2
0x004a6555,plague_it,map.c,ordinal,2
0x004a6605,build_an_area,map.c,ordinal,2
0x004a683b,put_x1_area,map.c,ordinal,2
0x004a6a13,put_x2_area,map.c,ordinal,2
0x004a6d79,put_x3_area,map.c,ordinal,2
0x004a70e7,put_x4_area,map.c,ordinal,2
0x004a7455,change_sized,map.c,ordinal,2
0x004a7573,set_map_ref,map.c,ordinal,2
0x004a76d5,put_reg_x1_area,map.c,ordinal,2
0x004a7852,put_reg_x2_area,map.c,ordinal,2
0x004a7b37,change_reg_sized,map.c,ordinal,2
0x004a7c06,put_rm_area,map.c,ordinal,2
0x004a7ec5,flag_rm_area,map.c,ordinal,2
0x004a7fd4,unflag_rm_area,map.c,ordinal,2
0x004a808c,check_region_map_for_farm_square,map.c,ordinal,2
0x004a81d2,check_region_map_for_port_square,map.c,ordinal,2
0x004a8311,adjust_regions_coastline,map.c,ordinal,2
0x004a84fc,adjust_sailable_area,map.c,ordinal,2
0x004a85d6,test_citymap_neighbours_posedge,map.c,ordinal,2
0x004a89f2,test_citymap_neighbours_negedge,map.c,ordinal,2
0x004a8dde,test_type_citymap_neighbours_posedge,map.c,ordinal,2
0x004a9272,test_type_citymap_neighbours_negedge,map.c,ordinal,2
0x004a96d6,test_regionmap_neighbours_posedge,map.c,ordinal,2
0x004a9af2,test_regionmap_neighbours_negedge,map.c,ordinal,2
0x004a9ede,test_type_regionmap_neighbours_posedge,map.c,ordinal,2
0x004aa372,test_type_regionmap_neighbours_negedge,map.c,ordinal,2
0x004aa7d6,choose_from,map.c,ordinal,2
0x004aa8fd,init_choices,map.c,compile-exact,1
0x004ab603,flag_range3,map.c,fuzzy-targeted,3
0x004ab7b3,set_4_neighbours,map.c,compile-exact,1
0x004ab82e,set_4_neighbours_if_not_wallortower,map.c,compile-exact,1
0x004ab8f9,set_2_neighbours_if_not_wallortower,map.c,compile-exact,1
0x004ab9d3,set_4_neighbours_if_not_aquaductorresevoir,map.c,compile-exact,1
0x004aba9e,set_2_neighbours_if_not_aquaductorresevoir,map.c,compile-exact,1
0x004abb78,set_4_rm_neighbours_if_not_wallortower,map.c,compile-exact,1
0x004abc43,set_4_rm_neighbours_if_not_aquaductorresevoir,map.c,compile-exact,1
0x004abd0e,inc_elastic_by2,map.c,compile-exact,1
0x004abdf9,test_for_ns_polar_walls,map.c,compile-exact,1
0x004abe5b,test_for_ew_polar_walls,map.c,compile-exact,1
0x004abebd,test_for_next_to_region_wall,map.c,compile-exact,1
0x004ac027,get_reg_buildings_in_radius,map.c,ordinal,2
0x004ac19b,get_reg_industries_in_radius,map.c,ordinal,2
0x004ac2ff,get_closest_trading_post,map.c,ordinal,2
0x004ac4e9,fill_warehouses_with,map.c,ordinal,2
0x004ac84e,take_from_warehouses,map.c,ordinal,2
0x004ac9b3,set_ns_polar,map.c,compile-exact,1
0x004ac9f6,set_ew_polar,map.c,compile-exact,1
0x004aca39,change_lv,map.c,ordinal,2
0x004acbcf,get_best_lv,map.c,ordinal,2
0x004acc61,get_ptr_to_corner,map.c,ordinal,2
0x004accc6,affected_by_cover1,map.c,ordinal,2
0x004acd6f,affected_by_cover2,map.c,ordinal,2
0x004ace18,get_range1,map.c,ordinal,2
0x004aced1,get_range3,map.c,ordinal,2
0x004acf8a,test_range_for,map.c,ordinal,2
0x004ad1db,test_range_for_road,map.c,ordinal,2
0x004ad339,test_area_for_population,map.c,ordinal,2
0x004ad4f0,save_undo_info,map.c,ordinal,2
0x004ad562,restore_city_from_undo_buffer,map.c,ordinal,2
0x004ad5ad,restore_region_from_undo_buffer,map.c,ordinal,2
0x004ad602,clear_region_map,map.c,compile-exact,1
0x004ad6aa,set_route_elastic,map.c,compile-exact,1
0x004ae5e2,put_danger_flag,map.c,compile-exact,1
0x004ae609,clear_city_flag,map.c,ordinal-post,3
0x004ae665,clear_prov_flag,map.c,ordinal-post,3
0x004ae6c1,clear_danger_flag,map.c,ordinal-post,3
0x004ae6db,count_danger_flags,map.c,ordinal-post,3
0x004ae761,next_city_flag,map.c,ordinal-post,3
0x004ae7e7,next_prov_flag,map.c,ordinal-post,3
0x004ae86d,next_danger_flag,map.c,ordinal-post,3
0x004ae950,goto_flag_marker_mode,map.c,ordinal-post,3
0x004ae99a,lose_game_screen,titles.c,compile-exact,1
0x004aea34,show_want_promotion_box,titles.c,ordinal-post,3
0x004aeac9,demo_lead_out_slideshow,titles.c,win-order,2
0x004aeabe,demo_lead_in_slideshow,titles.c,win-order,2
0x004aead7,lead_in_logos,titles.c,ordinal-post,3
0x004b0630,action,action.c,ordinal-pre,3
0x004b1951,flag_mode_action,action.c,ordinal-pre,3
0x004b1b8f,battle_action,action.c,ordinal-pre,3
0x004b1df5,scroll,action.c,ordinal-pre,3
0x004b1f7d,mouse_follow_cohort,action.c,ordinal-pre,3
0x004b2194,mouse_hunt_enemies,action.c,ordinal-pre,3
0x004b2362,show_latest_route,action.c,ordinal-pre,3
0x004b24d7,prebuild_city_item,action.c,ordinal-pre,3
0x004b2585,build_city_item,action.c,ordinal-pre,3
0x004b3568,prebuild_region_item,action.c,ordinal-pre,3
0x004b35f0,build_region_item,action.c,ordinal-pre,3
0x004b3fd6,act_select_farm,action.c,compile-exact,1
0x004b402d,get_region_2x2_start,action.c,ordinal,2
0x004b40c5,get_icon_over,action.c,ordinal,2
0x004b437f,is_icon_over,action.c,ordinal,2
0x004b44b1,use_city_overmap_to_move,action.c,ordinal,2
0x004b459d,use_region_overmap_to_move,action.c,ordinal,2
0x004b463e,jump_to_citymap_ptr,action.c,ordinal,2
0x004b47ba,jump_to_regionmap_ptr,action.c,ordinal,2
0x004b4937,perform_city_strip_action,action.c,ordinal,2
0x004b49d3,perform_region_strip_action,action.c,ordinal,2
0x004b4a6f,act_null,action.c,ordinal,2
0x004b4b98,perform_battle_strip_action,action.c,ordinal,2
0x004b4cab,perform_cohort_box_action,action.c,ordinal,2
0x004b4cb6,act_init_turbo_mode,action.c,ordinal,2
0x004b4cee,act_exit_turbo_mode,action.c,ordinal,2
0x004b4d0a,act_new_game,action.c,ordinal,2
0x004b4da7,act_load_game,action.c,ordinal,2
0x004b4e1e,act_save_game,action.c,ordinal,2
0x004b4e8e,act_exit_game,action.c,ordinal,2
0x004b4f21,act_do_exit,action.c,ordinal,2
0x004b4f3d,act_exit_and_save,action.c,ordinal,2
0x004b4f57,act_dont_exit,action.c,compile-exact,1
0x004b4f73,act_toggle_tunes,action.c,ordinal,2
0x004b4fd1,act_tog_tunes,action.c,ordinal,2
0x004b5040,act_tunes_level,action.c,compile-exact,1
0x004b5086,act_toggle_sound_fx,action.c,ordinal,2
0x004b50e4,act_tog_samples,action.c,ordinal,2
0x004b511b,act_tog_ambients,action.c,ordinal,2
0x004b5152,act_tog_speech,action.c,ordinal,2
0x004b5189,act_samples_level,action.c,compile-exact,1
0x004b51cf,act_nof_samples,action.c,compile-exact,1
0x004b5210,act_toggle_anims,action.c,ordinal,2
0x004b528c,act_tog_anims,action.c,ordinal,2
0x004b52af,act_toggle_year_end,action.c,ordinal,2
0x004b5308,act_tog_yearend,action.c,ordinal,2
0x004b532b,act_tog_autosave,action.c,ordinal,2
0x004b5394,act_game_speed,action.c,compile-exact,1
0x004b53e7,act_scroll_speed,action.c,compile-exact,1
0x004b543a,act_help_tips,action.c,compile-exact,1
0x004b5487,act_help_history,action.c,compile-exact,1
0x004b54bf,act_help_icons,action.c,compile-exact,1
0x004b5645,act_exit_help,action.c,compile-exact,1
0x004b5664,act_yes,action.c,compile-exact,1
0x004b5680,act_no,action.c,compile-exact,1
0x004b569c,act_pause,action.c,ordinal,2
0x004b56b5,act_out,action.c,compile-exact,1
0x004b56ca,act_adjust_up,action.c,compile-exact,1
0x004b56f5,act_adjust_down,action.c,compile-exact,1
0x004b5725,act_test,action.c,compile-exact,1
0x004b5744,act_exclaim,action.c,ordinal,2
0x004b5754,act_undo_cm,action.c,ordinal,2
0x004b5796,act_houses,action.c,ordinal,2
0x004b57f3,act_water,action.c,ordinal,2
0x004b5848,act_security,action.c,ordinal,2
0x004b589d,act_health,action.c,ordinal,2
0x004b58f2,act_gardens_plaza,action.c,ordinal,2
0x004b5947,act_clear,action.c,compile-exact,1
0x004b5984,act_road,action.c,compile-exact,1
0x004b59c1,act_plaza,action.c,compile-exact,1
0x004b59f4,act_gardens,action.c,compile-exact,1
0x004b5a27,act_house1,action.c,compile-exact,1
0x004b5a5a,act_house2,action.c,compile-exact,1
0x004b5a8d,act_house3,action.c,compile-exact,1
0x004b5ac0,act_house4,action.c,compile-exact,1
0x004b5af3,act_house5,action.c,compile-exact,1
0x004b5b26,act_forums,action.c,ordinal,2
0x004b5b7b,act_select_small_forum,action.c,compile-exact,1
0x004b5bb5,act_select_medium_forum,action.c,compile-exact,1
0x004b5bef,act_select_large_forum,action.c,compile-exact,1
0x004b5c29,act_tower,action.c,compile-exact,1
0x004b5c5c,act_wall,action.c,compile-exact,1
0x004b5c8f,act_barracks,action.c,compile-exact,1
0x004b5cc2,act_prefecture,action.c,compile-exact,1
0x004b5cf5,act_resevoir,action.c,compile-exact,1
0x004b5d28,act_aquaduct,action.c,compile-exact,1
0x004b5d5b,act_fountain,action.c,compile-exact,1
0x004b5d8e,act_well,action.c,compile-exact,1
0x004b5dc1,act_industries,action.c,ordinal,2
0x004b5e23,act_business,action.c,compile-exact,1
0x004b5e60,act_market,action.c,compile-exact,1
0x004b5e93,act_hospital,action.c,compile-exact,1
0x004b5ec6,act_baths,action.c,compile-exact,1
0x004b5ef9,act_temple,action.c,ordinal,2
0x004b5f4e,act_select_small_temple,action.c,compile-exact,1
0x004b5f81,act_select_medium_temple,action.c,compile-exact,1
0x004b5fb4,act_select_large_temple,action.c,compile-exact,1
0x004b5fe7,act_education,action.c,ordinal,2
0x004b603c,act_select_grammaticus,action.c,compile-exact,1
0x004b606f,act_select_rhetor,action.c,compile-exact,1
0x004b60a2,act_select_library,action.c,compile-exact,1
0x004b60d5,act_entertainment,action.c,ordinal,2
0x004b612a,act_select_theatre,action.c,compile-exact,1
0x004b615d,act_select_odium,action.c,compile-exact,1
0x004b6190,act_select_arena,action.c,compile-exact,1
0x004b61c3,act_select_colosseum,action.c,compile-exact,1
0x004b61f6,act_select_circus,action.c,compile-exact,1
0x004b6229,act_select_circus_max,action.c,compile-exact,1
0x004b625c,act_select_cancel,action.c,compile-exact,1
0x004b632e,act_ov_geography,action.c,compile-exact,1
0x004b634c,act_ov_landval,action.c,compile-exact,1
0x004b636a,act_ov_water,action.c,compile-exact,1
0x004b6388,act_ov_security,action.c,compile-exact,1
0x004b63a6,act_ov_unrest,action.c,compile-exact,1
0x004b63c4,act_ov_admin,action.c,compile-exact,1
0x004b63e2,act_ov_entertainment,action.c,compile-exact,1
0x004b6400,act_ov_education,action.c,compile-exact,1
0x004b641e,act_ov_health,action.c,compile-exact,1
0x004b643c,act_ov_industry,action.c,compile-exact,1
0x004b651d,act_clear_rm,action.c,compile-exact,1
0x004b6561,act_road_rm,action.c,compile-exact,1
0x004b65a5,act_wall_rm,action.c,compile-exact,1
0x004b65df,act_rm_warehouse,action.c,compile-exact,1
0x004b6619,act_rm_workhouse,action.c,compile-exact,1
0x004b6653,act_rm_port,action.c,compile-exact,1
0x004b6697,act_rm_shipyard,action.c,compile-exact,1
0x004b66d1,act_rm_farm,action.c,compile-exact,1
0x004b670b,act_rm_mine,action.c,compile-exact,1
0x004b6745,act_rm_quarry,action.c,compile-exact,1
0x004b677f,act_rm_trading_post,action.c,compile-exact,1
0x004b67c3,act_rm_fort,action.c,compile-exact,1
0x004b67fd,act_order_cohort,action.c,compile-exact,1
0x004b7c74,act_goto_flags,action.c,compile-exact,1
0x004b8163,get_region_over,action.c,fuzzy-targeted,3
0x004b83b0,act_request_up,action.c,compile-exact,1
0x004b848c,act_salary_up,action.c,compile-exact,1
0x004b84b4,act_salary_down,action.c,ordinal,2
0x004b84d9,act_donation,action.c,compile-exact,1
0x004b8539,act_donation_up,action.c,compile-exact,1
0x004b8582,act_donation_down,action.c,compile-exact,1
0x004b85c0,act_send_donation,action.c,ordinal,2
0x004b85f0,act_history_graph_longer,action.c,compile-exact,1
0x004b8615,act_history_graph_shorter,action.c,ordinal,2
0x004b863a,act_army_box_help,action.c,ordinal,2
0x004b8676,act_army_wage_up,action.c,compile-exact,1
0x004b86a6,act_army_wage_down,action.c,compile-exact,1
0x004b86d3,act_conscription_up,action.c,compile-exact,1
0x004b86ff,act_conscription_down,action.c,compile-exact,1
0x004b872b,act_next_cohort,action.c,compile-exact,1
0x004b874e,act_prev_cohort,action.c,compile-exact,1
0x004b8771,act_demob_cohort,action.c,ordinal,2
0x004b88e9,act_more_mercs,action.c,ordinal,2
0x004b8941,act_less_mercs,action.c,ordinal,2
0x004b89c0,act_slave_welfare_up,action.c,compile-exact,1
0x004b89e8,act_slave_welfare_down,action.c,ordinal,2
0x004b8a0d,act_slave_fire_up,action.c,compile-exact,1
0x004b8a2b,act_slave_fire_down,action.c,compile-exact,1
0x004b8a49,act_slave_city_road_up,action.c,compile-exact,1
0x004b8a67,act_slave_city_road_down,action.c,compile-exact,1
0x004b8a85,act_slave_city_water_up,action.c,compile-exact,1
0x004b8aa3,act_slave_city_water_down,action.c,compile-exact,1
0x004b8ac1,act_slave_city_wall_up,action.c,compile-exact,1
0x004b8adf,act_slave_city_wall_down,action.c,compile-exact,1
0x004b8afd,act_slave_reg_work_up,action.c,ordinal,2
0x004b8b2f,act_slave_reg_work_down,action.c,ordinal,2
0x004b8b61,act_slave_reg_upkeep_up,action.c,ordinal,2
0x004b8b93,act_slave_reg_upkeep_down,action.c,ordinal,2
0x004b8bc5,act_set_slaves_to_need_level,action.c,compile-exact,1
0x004b8c5d,alter_slave_reqs,action.c,ordinal,2
0x004b8d3b,act_send_gift,action.c,ordinal,2
0x004b8db8,act_gift_up,action.c,ordinal,2
0x004b8dfd,act_gift_down,action.c,compile-exact,1
0x004b8e25,act_gift_send,action.c,compile-exact,1
0x004b8e5a,act_set_temple_tips,action.c,compile-exact,1
0x004b8e78,act_zoom_level1,action.c,ordinal,2
0x004b8ee3,act_zoom_level2,action.c,ordinal,2
0x004b8f4e,act_stop_go,action.c,ordinal,2
0x004b8fad,act_turbo,action.c,ordinal,2
0x004b8fdb,act_move_unit,action.c,ordinal,2
0x004b9019,act_target_unit,action.c,ordinal,2
0x004b9057,act_battle_retreat,action.c,ordinal,2
0x004b9097,act_battle_surrender,action.c,ordinal,2
0x004b90d7,act_battle_autocalc,action.c,ordinal,2
0x004b9117,act_battle_select_all,action.c,ordinal,2
0x004b9143,act_battle_help,action.c,ordinal,2
0x004b9162,act_unit_line_formation,action.c,ordinal,2
0x004b91bc,act_unit_column_formation,action.c,ordinal,2
0x004b9216,act_unit_tortoise_formation,action.c,ordinal,2
0x004b9270,act_unit_mop_up_formation,action.c,ordinal,2
0x004b92a1,act_set_skill_levels,action.c,ordinal,2
0x004b9357,act_choose_init_region,action.c,ordinal,2
0x004b94a6,this_region,action.c,ordinal,2
0x004b9590,act_tutorial,action.c,ordinal,2
0x004b9647,act_dos,action.c,ordinal,2
0x004b9663,act_skill_up,action.c,ordinal,2
0x004b968b,act_skill_down,action.c,ordinal,2
0x004b96b2,act_tog_peace,action.c,compile-exact,1
0x004b96d2,act_choose_name,action.c,ordinal,2
0x004b9735,act_back_to_front_panel,action.c,compile-exact,1
0x004b974a,act_preload,action.c,ordinal-post,3
0x004b9795,act_census,action.c,ordinal-post,3
0x004b97d7,act_query,action.c,ordinal-post,3
0x004b99d4,act_general_query,action.c,ordinal-post,3
0x004b9a29,act_people_query,action.c,ordinal-post,3
0x004b9a7e,act_detailed_query,action.c,ordinal-post,3
0x004b9ad3,act_query_help,action.c,ordinal-post,3
0x004b9ae8,act_query_tips,action.c,ordinal-post,3
0x004b9afd,act_query_history,action.c,ordinal-post,3
0x004b9b12,act_query_do_help,action.c,ordinal-post,3
0x004b9c74,act_query_mode,action.c,ordinal-post,3
0x004b9ca2,act_do_year_end,action.c,ordinal-post,3
0x004b54d4,act_about,action.c,win-global,2
0x004b62d1,act_select_ov_map,action.c,win-global,2
0x004b628f,act_show_ov_legend,action.c,win-global,2
0x004b64b6,act_rm_industry,action.c,win-global,2
0x004b645a,act_rm_security,action.c,win-global,2
0x004b6f99,act_rotate_anticlockwise,action.c,win-global,2
0x004b6f46,act_rotate_clockwise,action.c,win-global,2
0x004b6ce8,act_set_patrol_stop,action.c,win-order,3
0x004b6837,act_set_patrol_markers,action.c,win-global,2
0x004b78ff,act_correct_map,action.c,win-global,2
0x004b7722,act_goto_prov_map,action.c,win-global,2
0x004b75b9,act_goto_city_map,action.c,win-global,2
0x004b74e9,act_swap_maps,action.c,win-global,2
0x004b74bd,act_goto_city,action.c,win-global,2
0x004b72fc,do_act_zoom_in,action.c,win-global,2
0x004b7196,act_zoom_in,action.c,win-global,2
0x004b7001,do_act_zoom_out,action.c,win-global,2
0x004b80ef,over_forum_menu,action.c,win-callgraph,2
0x004b7fa2,show_forum_screen,action.c,win-global,2
0x004b7e89,forum_game_loop,action.c,win-global,2
0x004b7dc7,act_set_marker3,action.c,win-global,2
0x004b7d38,act_set_marker2,action.c,win-global,2
0x004b7ca9,act_set_marker1,action.c,win-global,2
0x004b838b,act_request_down,action.c,win-global,2
0x004b82fa,act_final_bribe,action.c,win-global,2
0x004b8467,act_ind_tax_down,action.c,win-global,2
0x004b8442,act_ind_tax_up,action.c,win-global,2
0x004b841d,act_pop_tax_down,action.c,win-global,2
0x004b83f8,act_pop_tax_up,action.c,win-global,2
0x00478c7b,sf10_hunt_for_fight,battle.c,win-global,2
0x00478afc,sf09_look_for_fight,battle.c,win-global,2
0x00478901,sf08_withdraw,battle.c,win-global,2
0x00478820,sf07_reform,battle.c,win-global,2
0x004784c6,sf06_defend,battle.c,win-global,2
0x004783ca,sf04_fight,battle.c,win-global,2
0x00478307,sf15_move_and_reform,battle.c,win-global,2
0x00478269,sf03_move,battle.c,win-global,2
0x00477fe7,sf02_death,battle.c,win-callgraph,2
0x00477ea5,sf01_wait,battle.c,win-global,2
0x0047a94b,reform,battle.c,win-global,2
0x0047a7db,general_reform,battle.c,win-callgraph,2
0x0047a67f,arrow_intelligence,battle.c,win-global,2
0x0047a4ba,get_arrow_base_image,battle.c,win-global,2
0x0047995d,sf14_opertunist_fire,battle.c,win-global,2
0x004795f0,sf13_autofire_missile,battle.c,win-global,2
0x0047b036,get_fig_in_unit_position,battle.c,win-global,2
0x0047b8e5,get_fig_still_image,battle.c,win-global,2
0x0046f9ce,empire_in_region,bbarian.c,win-global,2
0x0046f7fd,barbarian_in_region,bbarian.c,win-global,2
0x0046f5e3,raider_in_region,bbarian.c,win-global,2
0x0046f4d0,get_attackers,bbarian.c,win-order,3
0x0046f33d,chance_of_attack,bbarian.c,win-global,2
0x0046edd3,horde_trouble,bbarian.c,win-order,3
0x0046eb23,raider_trouble,bbarian.c,win-order,3
0x0046e867,revolt_trouble,bbarian.c,win-global,2
0x0046a102,remove_army,common.c,win-global,2
0x0046a016,remove_figure,common.c,win-callgraph,2
0x0046ac17,get_a_unit_centered_on_mouse,common.c,win-global,2
0x0046ab7e,get_tracking_army_distance,common.c,win-callgraph,2
0x0046aa26,get_nearest_enemy_to_track,common.c,win-global,2
0x0046a8f0,get_nearest_army_to_track,common.c,win-global,2
0x0046a85b,get_army_name_from_fort_ref,common.c,win-global,2
0x0046c10f,run_anti_ferret,common.c,win-global,2
0x0046bedd,run_clock_ferret,common.c,win-global,2
0x0046bd96,trace_forward_ferret,common.c,win-global,2
0x0046bc3b,trace_back_ferret,common.c,win-global,2
0x0046b96b,smooth_ferret_run,common.c,win-global,2
0x0046b875,load_ferret_run,common.c,win-global,2
0x0046b68b,run_2_map_ferrets,common.c,win-global,2
0x0046b083,clear_region_ferret_map,common.c,win-order,3
0x0046ae0d,clear_ferret_map,common.c,win-order,3
0x004101e4,battle_game_loop,gloops.c,win-global,2
0x0040fb4a,main_game_loop,gloops.c,win-global,2
0x0040f844,floop_end,gloops.c,win-global,2
0x00410df1,forum_explanations,gloops.c,win-global,2
0x00410d82,explain_forum,gloops.c,win-global,2
0x00410d4f,forum_idle_game_loop,gloops.c,win-global,2
0x00410c24,forum_slaves_game_loop,gloops.c,win-global,2
0x00410be8,forum_industry_game_loop,gloops.c,win-global,2
0x00410a8d,forum_army_game_loop,gloops.c,win-global,2
0x004108b4,forum_empire_game_loop,gloops.c,win-global,2
0x00410878,forum_advisor_game_loop,gloops.c,win-global,2
0x004107f6,forum_clerks_game_loop,gloops.c,win-global,2
0x00410736,forum_temple_game_loop,gloops.c,win-global,2
0x004106aa,gift_game_loop,gloops.c,win-global,2
0x00410624,forum_rome_game_loop,gloops.c,win-global,2
0x00410598,donation_game_loop,gloops.c,win-global,2
0x00410515,forum_career_game_loop,gloops.c,win-global,2
0x0041048d,forum_admin_game_loop,gloops.c,win-global,2
0x0044aa77,main_path,lib32.c,win-global,2
0x0044a8ae,cd_path,lib32.c,win-order,3
0x0044a7e0,get_directory,lib32.c,win-global,2
0x0044be1d,clear_a_screen,lib32.c,win-global,2
0x0044c3d3,show_mouse,lib32.c,win-global,2
0x0044c216,get_mouse,lib32.c,win-global,2
0x0044c1da,position_mouse,lib32.c,win-global,2
0x0044c18a,clear_mouse,lib32.c,win-order,3
0x0044c055,read_mouse,lib32.c,win-global,2
0x0044bf7b,read_installed_mouse,lib32.c,win-order,3
0x0044c81e,clear_keys,lib32.c,win-global,2
0x0044c7fa,wait_key,lib32.c,win-global,2
0x0044c7aa,get_key,lib32.c,win-order,3
0x0044e763,running_delay1,lib32.c,win-global,2
0x0044eaa4,get_longest_side,lib32.c,win-global,2
0x0045012c,free_scratch_buffer,lib32.c,win-global,2
0x004ab48d,flag_range,map.c,win-global,2
0x004ab344,set_rm_range,map.c,win-global,2
0x004ab1f8,set_range,map.c,win-global,2
0x004ab0be,unflag_all_rm_xwarehouse,map.c,win-global,2
0x004aae45,unflag_all_rm,map.c,win-global,2
0x004aac70,unflag_all_cm,map.c,win-global,2
0x004aabba,clear_all_bm,map.c,win-global,2
0x004aaa92,clear_all_rm,map.c,win-global,2
0x004ae1a9,init_flag_markers,map.c,win-global,2
0x004adcc4,trace_back_route_elastic,map.c,win-global,2
0x004ad6ec,set_route_elastic_range,map.c,win-global,2
0x004021fd,get_old_mood,pcsound.c,win-global,2
0x00401ec1,pause_db,pcsound.c,win-global,2
0x00401e49,stop_db,pcsound.c,win-global,2
0x00401da8,continue_db,pcsound.c,win-global,2
0x00401c57,set_db_sound,pcsound.c,win-global,2
0x00401b30,neg_sound,pcsound.c,win-global,2
0x00401a69,pos_sound,pcsound.c,win-global,2
0x0040198e,check_for_free_slot,pcsound.c,win-order,3
0x00401809,start_sound,pcsound.c,win-order,3
0x00401734,set_pri_sound,pcsound.c,win-global,2
0x0040164d,set_sound,pcsound.c,win-global,2
0x00401604,fade_sequences_out,pcsound.c,win-global,2
0x0040158e,fade_sequence_in,pcsound.c,win-global,2
0x00401515,set_sequences_volume,pcsound.c,win-global,2
0x0040149b,set_samples_volume,pcsound.c,win-global,2
0x0040138f,stop_samples,pcsound.c,win-order,3
0x00401250,start_sequences,pcsound.c,win-global,2
0x00401085,start_samples,pcsound.c,win-global,2
0x00401000,start_sounds,pcsound.c,win-global,2
0x00403fd7,init_sample_buffer,pcsound.c,win-global,2
0x004287b8,show_recruitment,screens.c,win-global,2
0x004286d5,update_tribune_flag,screens.c,win-global,2
0x0042813c,show_this_tribune,screens.c,win-global,2
0x00427f9b,show_mercs,screens.c,win-global,2
0x00427e44,forum_army_screen,screens.c,win-global,2
0x0042a52e,show_ov_legend_panel,screens.c,win-global,2
0x0042a299,show_ov_bar,screens.c,win-global,2
0x00429f9c,show_icon_strip,screens.c,win-global,2
0x00429d9f,show_top_line,screens.c,win-global,2
0x00429825,show_year_end_screen,screens.c,win-global,2
0x004295b2,show_slave_allocation,screens.c,win-global,2
0x004293ea,show_slave_welfare_bill,screens.c,win-global,2
0x004291b5,forum_slaves_screen,screens.c,win-global,2
0x0040f810,do_lose_game,titles.c,win-order,3
